{"countries": {"country_name":["Canada","The Netherlands", "Bulgaria", "Denmark", "United Kingdom", "Austria", "France", "Hungary", "Italy", "Spain", "The Philippines", "Turkey", "Belarus", "Brazil", "Georgia", "Germany", "Peru"], 
"coords": [[62.8329086, -95.9133224], [52.3422585, 5.5281572], [42.7661018, 25.2837334], [56.1017609, 9.5559072], [54.0724373, -2.7843924], [47.5884399, 14.1402111], [46.6372795, 2.3382623], [47.1657333, 19.4165745], [42.7669792, 12.4938231], [40.3960266, -3.5506926],
[11.1126661, 121.803894], [39.0510101, 34.9303398], [53.5434723, 28.0540943], [-10.8104515, -52.9731178], [42.1810265, 43.5059509],
[51.2024651, 10.3822031], [-12.0561399, -77.0268021]], "number_of_cases": [[4], [4],[3], [3], [3], [2], [2],
[2], [2], [2], [2], [2], [1], [1], [1], [1], [1]
]}}